comparison_key,raw_naics_examples_left,source_row_count_left,covered_employment_2024,occupation_count,karpathy_score,variant,comparison_level_left,source_file_left,karpathy_zscore,karpathy_percentile,raw_naics_examples_right,raw_title_examples,source_row_count_right,metric_value,metric_name,comparison_level_right,source_file_right,sheet_name,metric_zscore,metric_percentile,comparison_title,left_label,right_label,value_gap,percentile_gap,abs_percentile_gap
6241,624100,1,3056100,129,2.9689,repo_original,naics4,custom_industry_exposure_repo_original_4digit.csv,-1.6779527591192511,0.03225806451612903,6241,Individual and Family Services,1,1.163092,felten_base_aiie,naics4,AIOE_DataAppendix.xlsx,Appendix B,1.1560318349194583,0.8414634146341463,Individual and family services,repo_original,felten_base_aiie,1.805808,-0.8092053501180173,0.8092053501180173
6216,621600,1,1670600,85,2.952,repo_original,naics4,custom_industry_exposure_repo_original_4digit.csv,-1.6897993475427968,0.026881720430107527,6216,Home Health Care Services,1,0.6927072,felten_base_aiie,naics4,AIOE_DataAppendix.xlsx,Appendix B,0.6874879036919592,0.7642276422764228,Home healthcare services,repo_original,felten_base_aiie,2.2592928,-0.7373459218463153,0.7373459218463153
6232,623200,1,598800,90,3.4208,repo_original,naics4,custom_industry_exposure_repo_original_4digit.csv,-1.3611791905630275,0.10752688172043011,6232,"Residential Intellectual and Developmental Disability, Mental Health, and Substance Abuse Facilities",1,0.8572415,felten_base_aiie,naics4,AIOE_DataAppendix.xlsx,Appendix B,0.8513782924625246,0.7886178861788617,"Residential intellectual and developmental disability, mental health, and substance abuse facilities",repo_original,felten_base_aiie,2.5635585,-0.6810910044584316,0.6810910044584316
4889,488900,1,14400,33,6.4931,repo_original,naics4,custom_industry_exposure_repo_original_4digit.csv,0.7924464670499101,0.7741935483870968,4889,Other Support Activities for Transportation,1,-1.105623,felten_base_aiie,naics4,AIOE_DataAppendix.xlsx,Appendix B,-1.1038044627984847,0.11788617886178862,Other support activities for transportation,repo_original,felten_base_aiie,7.598723,0.6563073695253081,0.6563073695253081
6239,623900,1,137900,72,3.7861,repo_original,naics4,custom_industry_exposure_repo_original_4digit.csv,-1.1051106254079301,0.15591397849462366,6239,Other Residential Care Facilities,1,0.7190148,felten_base_aiie,naics4,AIOE_DataAppendix.xlsx,Appendix B,0.7136925479006168,0.7723577235772358,Other residential care facilities,repo_original,felten_base_aiie,3.0670851999999997,-0.6164437450826121,0.6164437450826121
4922,492200,1,24000,32,5.5375,repo_original,naics4,custom_industry_exposure_repo_original_4digit.csv,0.12258848494695011,0.5967741935483871,4922,Local Messengers and Local Delivery,1,-1.182829,felten_base_aiie,naics4,AIOE_DataAppendix.xlsx,Appendix B,-1.1807083141864338,0.07723577235772358,Local messengers and local delivery,repo_original,felten_base_aiie,6.7203289999999996,0.5195384211906635,0.5195384211906635
6244,624400,1,1026000,69,3.2853,repo_original,naics4,custom_industry_exposure_repo_original_4digit.csv,-1.456162192420448,0.06989247311827956,6244,Child Day Care Services,1,0.0572718,felten_base_aiie,naics4,AIOE_DataAppendix.xlsx,Appendix B,0.05453930425354587,0.573170731707317,Child daycare services,repo_original,felten_base_aiie,3.2280282,-0.5032782585890374,0.5032782585890374
6219,621900,1,297500,106,4.5002,repo_original,naics4,custom_industry_exposure_repo_original_4digit.csv,-0.6045396908958707,0.2849462365591398,6219,Other Ambulatory Health Care Services,1,0.7869348,felten_base_aiie,naics4,AIOE_DataAppendix.xlsx,Appendix B,0.7813467404021002,0.7804878048780488,Other ambulatory healthcare services,repo_original,felten_base_aiie,3.7132652000000004,-0.495541568318909,0.495541568318909
5621,562100,1,95300,49,5.3211,repo_original,naics4,custom_industry_exposure_repo_original_4digit.csv,-0.02910392539951283,0.532258064516129,5621,Waste Collection,1,-1.332496,felten_base_aiie,naics4,AIOE_DataAppendix.xlsx,Appendix B,-1.3297895866999718,0.052845528455284556,Waste collection,repo_original,felten_base_aiie,6.653596,0.47941253606084444,0.47941253606084444
3262,326200,1,40000,59,5.545,repo_original,naics4,custom_industry_exposure_repo_original_4digit.csv,0.12784584667337578,0.6075268817204301,3262,Rubber Product Manufacturing,1,-1.077709,felten_base_aiie,naics4,AIOE_DataAppendix.xlsx,Appendix B,-1.0759997052972126,0.14227642276422764,Rubber product manufacturing,repo_original,felten_base_aiie,6.622709,0.4652504589562025,0.4652504589562025
6212,621200,1,978300,33,4.198,repo_original,naics4,custom_industry_exposure_repo_original_4digit.csv,-0.8163763193926418,0.23118279569892472,6212,Offices of Dentists,1,0.4154884,felten_base_aiie,naics4,AIOE_DataAppendix.xlsx,Appendix B,0.4113540099901012,0.6951219512195121,Offices of dentists,repo_original,felten_base_aiie,3.7825116000000003,-0.4639391555205874,0.4639391555205874
4921,492100,1,173600,49,5.4026,repo_original,naics4,custom_industry_exposure_repo_original_4digit.csv,0.028026072027643623,0.543010752688172,4921,Couriers and Express Delivery Services,1,-1.150431,felten_base_aiie,naics4,AIOE_DataAppendix.xlsx,Appendix B,-1.1484371049893924,0.08943089430894309,Couriers and express delivery services,repo_original,felten_base_aiie,6.553031,0.45357985837922893,0.45357985837922893
3379,337900,1,5600,23,6.625,repo_original,naics4,custom_industry_exposure_repo_original_4digit.csv,0.8849059352786464,0.7903225806451613,3379,Other Furniture Related Product Manufacturing,1,-0.5724769,felten_base_aiie,naics4,AIOE_DataAppendix.xlsx,Appendix B,-0.5727448503012075,0.3617886178861789,Other furniture related product manufacturing,repo_original,felten_base_aiie,7.1974769,0.42853396275898237,0.42853396275898237
3222,322200,1,75100,61,5.7976,repo_original,naics4,custom_industry_exposure_repo_original_4digit.csv,0.30491378961938637,0.6612903225806451,3222,Converted Paper Product Manufacturing,1,-0.8241846,felten_base_aiie,naics4,AIOE_DataAppendix.xlsx,Appendix B,-0.8234674826614197,0.23983739837398374,Converted paper product manufacturing,repo_original,felten_base_aiie,6.6217846,0.42145292420666136,0.42145292420666136
4245,424500,1,32300,47,6.0402,repo_original,naics4,custom_industry_exposure_repo_original_4digit.csv,0.4749719169301625,0.7204301075268817,4245,Farm Product Raw Material Merchant Wholesalers,1,-0.7109669,felten_base_aiie,naics4,AIOE_DataAppendix.xlsx,Appendix B,-0.7106928644285694,0.3048780487804878,Farm product raw material merchant wholesalers,repo_original,felten_base_aiie,6.751166899999999,0.41555205874639395,0.41555205874639395
6243,624300,1,201100,90,4.3287,repo_original,naics4,custom_industry_exposure_repo_original_4digit.csv,-0.7247580290401335,0.24731182795698925,6243,Vocational Rehabilitation Services,1,0.2863293,felten_base_aiie,naics4,AIOE_DataAppendix.xlsx,Appendix B,0.2827003790313508,0.6544715447154471,Vocational rehabilitation services,repo_original,felten_base_aiie,4.0423707,-0.40715971675845786,0.40715971675845786
6231,623100,1,1256300,92,3.246,repo_original,naics4,custom_industry_exposure_repo_original_4digit.csv,-1.4837107678669175,0.06451612903225806,6231,Nursing Care Facilities (Skilled Nursing Facilities),1,-0.2430007,felten_base_aiie,naics4,AIOE_DataAppendix.xlsx,Appendix B,-0.24455806791815085,0.45528455284552843,Nursing care facilities (skilled nursing facilities),repo_original,felten_base_aiie,3.4890007,-0.39076842381327037,0.39076842381327037
4854,485400,1,158600,23,4.1362,repo_original,naics4,custom_industry_exposure_repo_original_4digit.csv,-0.8596969800183883,0.20430107526881722,4854,School and Employee Bus Transportation,1,0.076602,felten_base_aiie,naics4,AIOE_DataAppendix.xlsx,Appendix B,0.07379385478199364,0.5772357723577236,School and employee bus transportation,repo_original,felten_base_aiie,4.059597999999999,-0.37293469708890636,0.37293469708890636
3111,311100,1,28500,50,5.614,repo_original,naics4,custom_industry_exposure_repo_original_4digit.csv,0.17621357455649025,0.6290322580645161,3111,Animal Food Manufacturing,1,-0.78914,felten_base_aiie,naics4,AIOE_DataAppendix.xlsx,Appendix B,-0.7885600310339538,0.2601626016260163,Animal food manufacturing,repo_original,felten_base_aiie,6.40314,0.36886965643849984,0.36886965643849984
6213,621300,1,1086900,103,4.9103,repo_original,naics4,custom_industry_exposure_repo_original_4digit.csv,-0.317067151694925,0.4032258064516129,6213,Offices of Other Health Practitioners,1,0.7008373,felten_base_aiie,naics4,AIOE_DataAppendix.xlsx,Appendix B,0.6955861862369579,0.7682926829268293,Offices of other health practitioners,repo_original,felten_base_aiie,4.2094627000000004,-0.3650668764752164,0.3650668764752164
8121,812100,1,648200,33,2.8945,repo_original,naics4,custom_industry_exposure_repo_original_4digit.csv,-1.7301057874453922,0.021505376344086023,8121,Personal Care Services,1,-0.4751154,felten_base_aiie,naics4,AIOE_DataAppendix.xlsx,Appendix B,-0.4757643782276922,0.3861788617886179,Personal care services,repo_original,felten_base_aiie,3.3696154,-0.3646734854445319,0.3646734854445319
6214,621400,1,929500,138,5.1445,repo_original,naics4,custom_industry_exposure_repo_original_4digit.csv,-0.1528972695177454,0.45161290322580644,6214,Outpatient Care Centers,1,0.9686477,felten_base_aiie,naics4,AIOE_DataAppendix.xlsx,Appendix B,0.9623485000693967,0.8048780487804879,Outpatient care centers,repo_original,felten_base_aiie,4.1758523,-0.3532651455546814,0.3532651455546814
3212,321200,1,22400,44,5.2143,repo_original,naics4,custom_industry_exposure_repo_original_4digit.csv,-0.10396875638381227,0.46236559139784944,3212,"Veneer, Plywood, and Engineered Wood Product Manufacturing",1,-1.13457,felten_base_aiie,naics4,AIOE_DataAppendix.xlsx,Appendix B,-1.13263817761504,0.10975609756097561,"Veneer, plywood, and engineered wood product manufacturing",repo_original,felten_base_aiie,6.34887,0.35260949383687384,0.35260949383687384
3346,334600,1,4900,27,7.7551,repo_original,naics4,custom_industry_exposure_repo_original_4digit.csv,1.677085200216439,0.9408602150537635,3346,Manufacturing and Reproducing Magnetic and Optical Media,1,0.1490236,felten_base_aiie,naics4,AIOE_DataAppendix.xlsx,Appendix B,0.14593203010097808,0.6016260162601627,Manufacturing and reproducing magnetic and optical media,repo_original,felten_base_aiie,7.6060764,0.33923419879360084,0.33923419879360084
3261,326100,1,208300,82,5.4297,repo_original,naics4,custom_industry_exposure_repo_original_4digit.csv,0.04702267239912828,0.5591397849462365,3261,Plastics Product Manufacturing,1,-0.8657592,felten_base_aiie,naics4,AIOE_DataAppendix.xlsx,Appendix B,-0.8648793788859804,0.22357723577235772,Plastics product manufacturing,repo_original,felten_base_aiie,6.295459200000001,0.3355625491738788,0.3355625491738788
6233,623300,1,772700,84,3.0537,repo_original,naics4,custom_industry_exposure_repo_original_4digit.csv,-1.618509522532467,0.043010752688172046,6233,Continuing Care Retirement Communities and Assisted Living Facilities for the Elderly,1,-0.4843864,felten_base_aiie,naics4,AIOE_DataAppendix.xlsx,Appendix B,-0.48499909581722767,0.3780487804878049,Continuing care retirement communities and assisted living facilities for the elderly,repo_original,felten_base_aiie,3.5380864,-0.3350380277996328,0.3350380277996328
8123,812300,1,60100,33,4.9684,repo_original,naics4,custom_industry_exposure_repo_original_4digit.csv,-0.27634012285421583,0.42473118279569894,8123,Drycleaning and Laundry Services,1,-1.148211,felten_base_aiie,naics4,AIOE_DataAppendix.xlsx,Appendix B,-1.1462257930436728,0.0975609756097561,Drycleaning and laundry services,repo_original,felten_base_aiie,6.116611,0.3271702071859428,0.3271702071859428
3117,311700,1,7800,35,4.8974,repo_original,naics4,custom_industry_exposure_repo_original_4digit.csv,-0.32610981386437693,0.3924731182795699,3117,Seafood Product Preparation and Packaging,1,-1.258223,felten_base_aiie,naics4,AIOE_DataAppendix.xlsx,Appendix B,-1.2558072569051741,0.07317073170731707,Seafood product preparation and packaging,repo_original,felten_base_aiie,6.155623,0.3193023865722528,0.3193023865722528
4884,488400,1,75600,37,5.2937,repo_original,naics4,custom_industry_exposure_repo_original_4digit.csv,-0.048310820240054016,0.510752688172043,4884,Support Activities for Road Transportation,1,-0.9504591,felten_base_aiie,naics4,AIOE_DataAppendix.xlsx,Appendix B,-0.9492478026117812,0.1951219512195122,Support activities for road transportation,repo_original,felten_base_aiie,6.2441591,0.3156307369525308,0.3156307369525308
5619,561900,1,122700,90,5.9258,repo_original,naics4,custom_industry_exposure_repo_original_4digit.csv,0.39477962606308586,0.6935483870967742,5619,Other Support Services,1,-0.4762704,felten_base_aiie,naics4,AIOE_DataAppendix.xlsx,Appendix B,-0.4769148580913437,0.3821138211382114,Other support services,repo_original,felten_base_aiie,6.4020703999999995,0.31143456595856284,0.31143456595856284
